2023-10-23T01:58:41.72776Z,2023-10-23T01:58:41.727787Z,0063eda3d4aa4a30a33fdbdd67d0865d,https://imagedelivery.net/1s092Kgpn1nbxBESmZNkpg/9a0b95f9-9eb6-46a0-fb22-3c0a74988d00/public,be62e34962844b0cb46da8ef277c6767,9,0
2023-09-13T02:14:40.250172Z,2023-09-13T05:16:52.894044Z,0162472e405d495ca0b3ef824c370b3f,https://imagedelivery.net/1s092Kgpn1nbxBESmZNkpg/020774d6-03d8-4cde-e71b-c087c2b63200/public,a6febde329a5479cb1f959af8576771b,8,1
2023-08-31T09:15:29.007715Z,2023-09-13T04:06:07.660134Z,0283a350383046e383f6d7ff7baee610,https://imagedelivery.net/1s092Kgpn1nbxBESmZNkpg/5c8daf71-e403-4914-fe65-924f9cf2e200/public,d38bb3da67564af8bfd2b302d25deecb,9,1
2023-08-31T09:15:27.762888Z,2023-09-13T04:06:07.672228Z,029a97e82f21450fb72eff16ab06746b,https://imagedelivery.net/1s092Kgpn1nbxBESmZNkpg/1d447668-9eca-43d0-2e79-7a055cc06600/public,d7491f475818451e8dfa9af080c9da32,9,1
2023-09-11T10:16:19.017833Z,2023-09-13T04:06:07.296953Z,02cfad3b7f6448afb08ea87d9ed4ddd9,https://imagedelivery.net/1s092Kgpn1nbxBESmZNkpg/3ba04bde-0c79-479f-5219-a6edbae59f00/public,200cc55242974ee59f75ead9ee02393f,9,1
2023-10-23T08:39:33.91294Z,2023-10-23T08:39:33.912968Z,03aa693898694ad98ab4fa7bf111a22b,https://imagedelivery.net/1s092Kgpn1nbxBESmZNkpg/9a0b95f9-9eb6-46a0-fb22-3c0a74988d00/public,2fefa57b1bdd4a9e92008117bca9cbd6,8,0
2023-10-13T06:29:11.519601Z,2023-10-13T06:29:11.519626Z,04c8113bfaf54109b7a7acdbc1d2d24c,https://imagedelivery.net/KS5WPV3zTnZqfcRPYRlsow/a6ccc2ce-c571-4bbc-5174-42edec16e800/public,df6521418de44c9abc17cc9c5a223caf,9,0
2023-08-31T09:15:28.671171Z,2023-09-13T04:06:07.727515Z,0781afed14a441de88cb138444146c46,https://imagedelivery.net/1s092Kgpn1nbxBESmZNkpg/81abf364-ddcd-4457-8f30-f4429ac3f900/public,f890d43dfdc446a69c8c475b693248e5,9,1
2023-08-31T09:15:28.684386Z,2023-08-31T09:15:28.684411Z,07fa0cc1ede3457797dd75cc51915d7e,https://imagedelivery.net/1s092Kgpn1nbxBESmZNkpg/befd7c8d-0039-48c3-a280-bf098ee11500/public,f890d43dfdc446a69c8c475b693248e5,9,0
2023-09-13T02:14:40.252136Z,2023-09-13T05:24:24.28571Z,0b149b9af5d340fcbbc4fdfd487c465f,https://imagedelivery.net/1s092Kgpn1nbxBESmZNkpg/51e7b19f-b756-45ba-1182-8104f003e800/public,a6febde329a5479cb1f959af8576771b,8,0
2023-08-31T09:15:28.13013Z,2023-09-13T04:06:07.684626Z,0d3a489987634ed7892f840dd43edec3,https://imagedelivery.net/1s092Kgpn1nbxBESmZNkpg/0c9f81ab-9aa6-4a19-9573-6bbe7453a100/public,ddb1157d9cf64570a27e1894f6e92aa8,9,1
2023-08-31T09:15:28.728451Z,2023-09-13T04:06:07.583653Z,0d9c79d3d8fc4aeb8b9917a59fb74dde,https://imagedelivery.net/1s092Kgpn1nbxBESmZNkpg/948b063b-7d13-4812-be90-26225b392800/public,be26e6926c2c4bc19bcdce0dd2327cea,9,1
2023-09-13T04:36:33.480944Z,2023-09-13T04:36:33.480982Z,0e8e683a62634ad2b33886ec77f864db,https://imagedelivery.net/1s092Kgpn1nbxBESmZNkpg/7a5f16fb-f470-4e70-0053-c38e5167ff00/public,dec89fccbaea47b18c0664b4be36c48d,8,0
2023-08-31T09:15:27.730049Z,2023-09-13T04:06:07.321043Z,0ea9206da26e4e9d85cbca1b25488f4d,https://imagedelivery.net/1s092Kgpn1nbxBESmZNkpg/3287b3df-1203-4a91-7164-87529947f900/public,2dfd87a2f8534406962647e5a02a8191,9,1
2023-08-31T09:15:29.054014Z,2023-09-13T04:06:07.610013Z,0f5312f80697416fbe8edd3b7a6d4811,https://imagedelivery.net/1s092Kgpn1nbxBESmZNkpg/ef7a4c6d-556a-4506-f555-27a4f9ca8100/public,bf008a294f92491794dab88aa1b51fb4,9,1
2023-08-31T09:15:29.064662Z,2023-08-31T09:15:29.06469Z,1054d23705a7429c8959b71a84e419a4,https://imagedelivery.net/1s092Kgpn1nbxBESmZNkpg/ca60289f-53aa-43db-5a9f-432bf40aeb00/public,bf008a294f92491794dab88aa1b51fb4,9,0
2023-09-13T01:31:49.065639Z,2023-09-13T05:32:34.933068Z,10970198966641fdb8819d4bfc6688b9,https://imagedelivery.net/1s092Kgpn1nbxBESmZNkpg/96273a34-66d0-4a69-ed05-5e603c9b7d00/public,ada119b6af014d4995063802b5131826,8,1
2023-09-13T02:22:20.902152Z,2023-09-13T05:30:13.751713Z,10aab06bad7a4aec9577836b0f7c3710,https://imagedelivery.net/1s092Kgpn1nbxBESmZNkpg/c1ce539b-31fd-4366-4a5e-c9b50b967c00/public,585d5960478844949d04950a07080b0d,8,1
2023-08-31T09:15:28.560702Z,2023-09-13T04:06:07.348692Z,11f0032d0ac8469f941d510228d414ca,https://imagedelivery.net/1s092Kgpn1nbxBESmZNkpg/65c5dcab-7bd1-4efc-165c-f5b32e9b7200/public,34f1edb27f1047be84e3d5c2c2d50a6a,9,1
2023-08-31T09:15:28.38779Z,2023-09-13T04:06:07.559319Z,12384b35cdb346018e79111ce305f5e6,https://imagedelivery.net/1s092Kgpn1nbxBESmZNkpg/2580204b-f633-4448-c90d-eb3e62b9ea00/public,8f9c56d4fc8c4322a150d211472e0869,9,1
2023-08-31T09:15:28.459362Z,2023-09-13T04:06:07.597622Z,12bf4892f6d94bd688a1c190805072ec,https://imagedelivery.net/1s092Kgpn1nbxBESmZNkpg/454d9377-0680-4b03-992e-1cc59d05b200/public,bef04113581a478e9a95a1726f660794,9,1
2023-09-13T01:15:32.511913Z,2023-09-13T04:19:23.031932Z,12c25f2d38bc4f4f9e64f191e2a2e511,https://imagedelivery.net/1s092Kgpn1nbxBESmZNkpg/89042f13-a62e-4009-e1cb-1f272892f500/public,6618625714e946ab8fe471895d7c1dee,8,1
2023-10-13T07:16:09.310413Z,2023-10-13T07:16:09.31187Z,1453f1da8f0d4142afed4063c4ede3d7,https://imagedelivery.net/1s092Kgpn1nbxBESmZNkpg/85074769-8c30-4bf4-c280-ec0cc7653000/public,4efea5db67b3400ca46f558b1ec2e2c9,9,1
2023-08-31T09:15:28.923259Z,2023-09-13T04:06:07.620581Z,14f1756d7f8d478b987eb27a4128e2ff,https://imagedelivery.net/1s092Kgpn1nbxBESmZNkpg/07ec5aca-6e3d-4d66-965e-d4eeeeb2bd00/public,c3aa476da2704a618080cbca26c22480,9,1
2023-10-23T02:51:55.374592Z,2023-10-23T02:51:55.37652Z,167133f92f214c8e9d26c45788cafdf9,https://imagedelivery.net/1s092Kgpn1nbxBESmZNkpg/66b5fff1-23d4-41f9-9f74-946a5c7bcc00/public,7fc80ecd03cb47bb9815ebe530887e9e,9,1
2023-09-13T01:58:03.702156Z,2023-09-13T05:52:44.48743Z,16bafb19b6cd498c9a09965c9039fdae,https://imagedelivery.net/1s092Kgpn1nbxBESmZNkpg/945b97ff-c33b-414e-1611-558ff6864b00/public,ba768589404e4319bee5bcd8b970491b,9,1
2023-08-31T09:15:28.162309Z,2023-09-13T04:06:07.526094Z,173d6544dc124622bb378106b5534762,https://imagedelivery.net/1s092Kgpn1nbxBESmZNkpg/28928996-8ecb-4988-61e5-d5f29d3aa700/public,8be481a1ce7440d8a58a1d0b239ce1f1,9,1
2023-08-31T09:15:29.032145Z,2023-08-31T09:15:29.03217Z,176a728357cd462aa888b8ff93e0c2cb,https://imagedelivery.net/1s092Kgpn1nbxBESmZNkpg/ef7a4c6d-556a-4506-f555-27a4f9ca8100/public,bf008a294f92491794dab88aa1b51fb4,9,0
2023-09-13T04:36:26.074807Z,2023-09-13T04:36:26.076236Z,180e92ea7a2c4f75b19cab16a7112098,https://imagedelivery.net/1s092Kgpn1nbxBESmZNkpg/6de0c892-f65c-48e3-ef5e-12f683395800/public,776236da9877442f82121452753a6097,8,1
2023-08-31T09:15:27.559545Z,2023-09-13T04:06:07.740414Z,198fa096973940528a0d41c6a3311550,https://imagedelivery.net/1s092Kgpn1nbxBESmZNkpg/739847e9-800e-4a64-5794-d91306be2300/public,fafcec1b036e478da36ac73f07918c5b,9,1
2023-08-31T09:15:27.528401Z,2023-09-14T01:41:09.765612Z,19d5278f372144b7893389eaea6f03f9,https://imagedelivery.net/1s092Kgpn1nbxBESmZNkpg/d77f0d7c-f6c9-43d5-dcbe-7a55b3278200/public,4c6dd2f506344644bdeb7e3a08fe7b48,9,0
2023-08-31T09:15:28.59136Z,2023-08-31T09:15:28.591382Z,1a4ac0506956406a85d7941424c35958,https://imagedelivery.net/1s092Kgpn1nbxBESmZNkpg/47039032-89eb-48c1-e767-89067fbe8d00/public,34f1edb27f1047be84e3d5c2c2d50a6a,9,0
2023-08-31T09:15:28.813457Z,2023-09-13T04:06:07.714578Z,1a9da6b307cb47b9b2703d3b3b7376f6,https://imagedelivery.net/1s092Kgpn1nbxBESmZNkpg/9bd3175a-ff11-4509-4fc4-b184f1154400/public,f71cb7651aeb4353adcd8149cb06c32e,9,1
2023-08-31T09:15:28.050997Z,2023-09-13T04:06:07.507476Z,1c29beb9020449a99890ad453adf1350,https://imagedelivery.net/1s092Kgpn1nbxBESmZNkpg/4b987784-f324-4ace-0a03-b1eecba2d500/public,88e1d54f26c1410db887688ba7cc1f4d,9,1
2023-08-31T09:15:28.795238Z,2023-08-31T09:15:28.795262Z,1cb20aecab0d4c078bbcc5c9902e56c0,https://imagedelivery.net/1s092Kgpn1nbxBESmZNkpg/a8d12dba-d452-4109-4c26-f767c86cf200/public,f71cb7651aeb4353adcd8149cb06c32e,9,0
2023-10-23T02:51:55.378871Z,2023-10-23T02:51:55.378903Z,1cddb897526041d7a13971b8b36a7b3e,https://imagedelivery.net/1s092Kgpn1nbxBESmZNkpg/1ed561fc-50ee-410b-f671-a239d9524a00/public,7fc80ecd03cb47bb9815ebe530887e9e,9,0
2023-08-31T09:15:28.32366Z,2023-09-13T04:06:07.443943Z,1e373d2e340b46cab51f5087296cd960,https://imagedelivery.net/1s092Kgpn1nbxBESmZNkpg/d5408d79-211a-43c9-205d-cab1689d4b00/public,51c09a6c55b145c385cf5f60fb69205f,9,1
2023-08-31T09:15:28.515306Z,2023-09-13T04:06:07.475424Z,1fe55498742f42e5adc9ac28b0e06e20,https://imagedelivery.net/1s092Kgpn1nbxBESmZNkpg/cf5ba492-f9b8-4fba-b3d6-214336360a00/public,64e72401eef941d990862f4b1a8ffb8e,9,1
2023-10-23T03:07:54.926791Z,2023-10-23T03:07:54.926821Z,21d4e517a73b47ce8d55ac2f9fda9fa1,https://imagedelivery.net/1s092Kgpn1nbxBESmZNkpg/19aed512-6ddc-4e15-8b65-90e307ff7d00/public,abf390411e924e579b8a3a12e736944a,9,0
2023-08-31T09:15:28.416191Z,2023-08-31T09:15:28.416216Z,2464f61a2221448e95037deaf038e6e0,https://imagedelivery.net/1s092Kgpn1nbxBESmZNkpg/f798bf9e-0383-47ac-d21d-1c4aff0d2a00/public,8f9c56d4fc8c4322a150d211472e0869,9,0
2023-10-23T08:47:31.439821Z,2023-10-23T08:47:31.43985Z,246897ad4db542879b82c6998aaf8a6d,https://imagedelivery.net/KS5WPV3zTnZqfcRPYRlsow/a6ccc2ce-c571-4bbc-5174-42edec16e800/public,005a81b7e28748e48c2c6eaefd88fd42,8,0
2023-10-23T08:47:31.436157Z,2023-10-23T08:47:31.436185Z,249f03b6e061494cb29ca093ac13a83e,https://imagedelivery.net/KS5WPV3zTnZqfcRPYRlsow/a6ccc2ce-c571-4bbc-5174-42edec16e800/public,005a81b7e28748e48c2c6eaefd88fd42,8,0
2023-08-31T09:15:28.223414Z,2023-09-14T01:42:44.089775Z,250d8bf6fb274754a933e1993c82f0c8,https://imagedelivery.net/1s092Kgpn1nbxBESmZNkpg/9ad7b498-a9ca-49fc-3db2-3a1b8665e100/public,8d68e4d31cc34a99a9c4409a9dbc32c9,9,0
2023-08-31T09:15:28.040769Z,2023-08-31T09:15:28.040794Z,25144bb72b25420db0531868c3b4a8eb,https://imagedelivery.net/1s092Kgpn1nbxBESmZNkpg/2acdf11e-50da-4df6-e425-d167da111100/public,88e1d54f26c1410db887688ba7cc1f4d,9,0
2023-10-23T08:38:17.229831Z,2023-10-23T08:38:17.229864Z,25dc27ec160f4ddea74dc1d028d2154b,https://imagedelivery.net/1s092Kgpn1nbxBESmZNkpg/9a0b95f9-9eb6-46a0-fb22-3c0a74988d00/public,95f8a68b10d24329a11b3dddf2d67712,9,0
2023-08-31T09:15:28.504197Z,2023-08-31T09:15:28.504222Z,27c1ec6905af4dfc92768fae68740f51,https://imagedelivery.net/1s092Kgpn1nbxBESmZNkpg/04171dbc-a802-48d2-0b78-1b1b8f00f800/public,64e72401eef941d990862f4b1a8ffb8e,9,0
2023-09-13T01:31:49.063423Z,2023-09-13T05:32:43.05744Z,282933aa9f63498297954cd3f3e179b3,https://imagedelivery.net/1s092Kgpn1nbxBESmZNkpg/1e12c3b0-e58e-4f5a-f189-aa82e2ed4f00/public,ada119b6af014d4995063802b5131826,8,0
2023-08-31T09:15:29.13039Z,2023-09-13T04:06:07.309826Z,291e6c9f8f384d898878e015d288570f,https://imagedelivery.net/1s092Kgpn1nbxBESmZNkpg/731bd38d-251a-4664-a6a9-fd82b4585300/public,298a8c368073468691975db924cc07f6,9,1
2023-08-31T09:15:27.680636Z,2023-09-13T04:06:07.430107Z,29452a0d24644808ac03ebcaa66d00f5,https://imagedelivery.net/1s092Kgpn1nbxBESmZNkpg/0e633be6-3014-4ba1-65ec-4932f6e2ac00/public,4d8ffa150be44ccd951daa30c60ddf93,9,1
2023-08-31T09:15:29.099077Z,2023-08-31T09:15:29.099103Z,2b100ae686a242718ac04714d81bc82b,https://imagedelivery.net/1s092Kgpn1nbxBESmZNkpg/17be5ba9-ae99-4ced-d744-03c26749f000/public,298a8c368073468691975db924cc07f6,9,0
2023-09-13T04:36:10.161259Z,2023-09-13T04:36:10.161288Z,2ce25ecb7b374de6a3673087d49263a3,https://imagedelivery.net/1s092Kgpn1nbxBESmZNkpg/af0a3e96-4f9f-46cf-b610-9e876e8e3800/public,e2c4c3ac83bb4cb794ace236819675f6,8,0
2023-09-13T02:22:20.905158Z,2023-09-13T05:30:35.676277Z,2d7fb4ce2e944fcaa1ab62d4f74f5cea,https://imagedelivery.net/1s092Kgpn1nbxBESmZNkpg/a9f197a7-b868-4ff6-555a-009d574dfc00/public,585d5960478844949d04950a07080b0d,8,0
2023-09-13T01:15:32.502276Z,2023-09-13T02:25:50.380227Z,2dbf9bf2a5194c3ea68e0ea4944cf28f,https://imagedelivery.net/1s092Kgpn1nbxBESmZNkpg/11a390b8-7684-4cfd-4bc2-c950c909ef00/public,6618625714e946ab8fe471895d7c1dee,8,0
2023-10-23T02:06:51.107455Z,2023-10-23T02:06:51.107483Z,2e8e63006ae84deca2c0a3da92c56ea4,https://imagedelivery.net/1s092Kgpn1nbxBESmZNkpg/77a4aa1d-629c-4392-3ecd-e06ca2a69400/public,e6d4349fb5364131b385ebaddd121a62,9,0
2023-10-23T01:55:02.155979Z,2023-10-23T01:55:02.158038Z,2fb158cec83c4ff78cda806d4a908ade,https://imagedelivery.net/1s092Kgpn1nbxBESmZNkpg/2d910648-ba0f-45cc-4c7b-6a32eb9a1e00/public,d3d436033dc94cf3ac202196008a9790,9,1
2023-08-31T09:15:27.71993Z,2023-08-31T09:15:27.719955Z,32d5cf4ea5ec4daeb7d7170072201fb6,https://imagedelivery.net/1s092Kgpn1nbxBESmZNkpg/734ebc0c-8d2f-47ae-cf29-71dc8b3c2300/public,2dfd87a2f8534406962647e5a02a8191,9,0
2023-08-31T09:15:27.690743Z,2023-08-31T09:15:27.690769Z,33766d3af1f04ad99296d54311b33368,https://imagedelivery.net/1s092Kgpn1nbxBESmZNkpg/01c6b5af-2739-401f-efa9-a731e8821d00/public,4d8ffa150be44ccd951daa30c60ddf93,9,0
2023-08-31T09:15:27.898542Z,2023-09-13T04:06:07.492227Z,34113dce9fbb4a3aa2ac27e55b1ac4fb,https://imagedelivery.net/1s092Kgpn1nbxBESmZNkpg/7ae20eb1-1263-428f-9d4a-53ea60990300/public,6dc0f01cb53a4d71ab87bea04c1283ae,9,1
2023-08-31T09:15:27.549016Z,2023-08-31T09:15:27.549039Z,35d684b97b7443a48ced4d0e91517d02,https://imagedelivery.net/1s092Kgpn1nbxBESmZNkpg/df2f5920-eae4-4776-7678-8946e3fd7200/public,fafcec1b036e478da36ac73f07918c5b,9,0
2023-08-31T09:15:28.469811Z,2023-08-31T09:15:28.469836Z,35dc27e4819f434ebcf01d2eff7322e3,https://imagedelivery.net/1s092Kgpn1nbxBESmZNkpg/8ff963d9-3256-422b-d1c1-15483c59cb00/public,bef04113581a478e9a95a1726f660794,9,0
2023-10-23T08:38:17.225868Z,2023-10-23T08:38:17.227654Z,36487040cdc34fa28905d07ef7ebdda1,https://imagedelivery.net/1s092Kgpn1nbxBESmZNkpg/9a0b95f9-9eb6-46a0-fb22-3c0a74988d00/public,95f8a68b10d24329a11b3dddf2d67712,9,1
2023-08-31T09:15:27.945596Z,2023-09-13T04:06:07.457643Z,3698d6ca604a4ac68f8d50c524840f29,https://imagedelivery.net/1s092Kgpn1nbxBESmZNkpg/7f77cf26-b12b-466c-9bb2-f3b69f3e5600/public,555ddd0fcc0448cd928895274aa6d067,9,1
2023-08-31T09:15:28.426779Z,2023-08-31T09:15:28.426804Z,36e0cc63ee51420fa388a6efa3984d04,https://imagedelivery.net/1s092Kgpn1nbxBESmZNkpg/e6876d33-113a-43b5-fc8e-008538a13f00/public,8f9c56d4fc8c4322a150d211472e0869,9,0
2023-09-11T10:16:19.00178Z,2023-09-11T10:16:19.001835Z,38a08454ac20427ebbe4a2c9aa14d29c,https://imagedelivery.net/1s092Kgpn1nbxBESmZNkpg/38f66ea3-00bb-4042-b1b8-f1257037bc00/public,200cc55242974ee59f75ead9ee02393f,9,0
2023-08-31T09:15:27.65887Z,2023-08-31T09:15:27.658896Z,38f57938057945ad9a01648db4e8a1d1,https://imagedelivery.net/1s092Kgpn1nbxBESmZNkpg/c5d53366-1f1c-4c36-3b1f-00ec0f2c5300/public,4d8ffa150be44ccd951daa30c60ddf93,9,0
2023-08-31T09:15:27.633554Z,2023-09-13T04:06:07.646118Z,3a2239ddf60c4045829d9938494f81db,https://imagedelivery.net/1s092Kgpn1nbxBESmZNkpg/073384a7-353a-4d49-fc45-397596ea0500/public,d11d170ee432429a902f836d447b8c09,9,1
2023-10-23T03:09:00.492429Z,2023-10-23T03:09:00.498535Z,3b1f4161f3044db08fa1ae73635d6576,https://imagedelivery.net/1s092Kgpn1nbxBESmZNkpg/790689bb-8b9e-4ff7-825f-2d915ed42900/public,d3aae9dd153f4f5ba438e6ecd6c59d13,8,1
2023-08-31T09:15:28.52744Z,2023-08-31T09:15:28.527465Z,3b23d3134185465d97b20b7a8850a156,https://imagedelivery.net/1s092Kgpn1nbxBESmZNkpg/7f190fb3-e78e-41a7-54d1-49f618d3ea00/public,64e72401eef941d990862f4b1a8ffb8e,9,0
2023-08-31T09:15:28.259858Z,2023-09-13T04:06:07.377676Z,3c00fdc7f8c2400f9681632917874ca5,https://imagedelivery.net/1s092Kgpn1nbxBESmZNkpg/1b3e1ebf-1ac7-471c-90f4-09592b551d00/public,40660adfa64944bdae282b0e675575c0,9,1
2023-10-23T01:52:30.589905Z,2023-10-23T01:52:30.589937Z,3cf4f633044647218a74a3f1ef75f65f,https://imagedelivery.net/1s092Kgpn1nbxBESmZNkpg/f6a1871f-8321-4bf1-161a-2239c6280500/public,dc77fd143fc448d7bce71ed90bc59664,8,0
2023-08-31T09:15:27.981039Z,2023-08-31T09:15:27.981065Z,3e233660bf8e4461a6433da8af8d1021,https://imagedelivery.net/1s092Kgpn1nbxBESmZNkpg/cef5566c-eeed-4eaa-8391-a38dfe963000/public,88e1d54f26c1410db887688ba7cc1f4d,9,0
2023-08-31T09:15:28.061608Z,2023-08-31T09:15:28.061633Z,404016fa486142a3b9185d597353a90e,https://imagedelivery.net/1s092Kgpn1nbxBESmZNkpg/fcae769b-9132-4b09-5534-676eca68de00/public,ddb1157d9cf64570a27e1894f6e92aa8,9,0
2023-10-23T08:47:31.430245Z,2023-10-23T08:47:31.431515Z,42140a08f49a43c58c41f21a4cc29408,https://imagedelivery.net/1s092Kgpn1nbxBESmZNkpg/9a0b95f9-9eb6-46a0-fb22-3c0a74988d00/public,005a81b7e28748e48c2c6eaefd88fd42,8,1
2023-09-12T15:39:34.485636Z,2023-09-13T04:19:23.064614Z,475bf1c21f1c41858d92a26e0f2fe271,https://imagedelivery.net/1s092Kgpn1nbxBESmZNkpg/d28ce4bd-7d4b-460f-9f2c-0b666e07a900/public,b32d6df6900f4c33b986d5ee7d46ff45,8,1
2023-08-31T09:15:28.570955Z,2023-08-31T09:15:28.570981Z,476e139787c74b1bb24c4c6ded5e5a5f,https://imagedelivery.net/1s092Kgpn1nbxBESmZNkpg/db9f8c25-2640-4699-8a2b-f82182228200/public,34f1edb27f1047be84e3d5c2c2d50a6a,9,0
2023-09-13T01:32:03.938145Z,2023-09-13T05:36:19.38862Z,4a6ff2c3458e4877a14dc6b74611996b,https://imagedelivery.net/1s092Kgpn1nbxBESmZNkpg/d130b56e-e050-469b-55c0-a0f6f09a1d00/public,13e25560a4d6413995bfbb95e11b221a,8,1
2023-09-13T04:36:26.078669Z,2023-09-13T04:36:26.0787Z,4b5296b822554e109edce35071eca5ae,https://imagedelivery.net/1s092Kgpn1nbxBESmZNkpg/43a32696-7548-4ce5-4528-fd05b9fe4300/public,776236da9877442f82121452753a6097,8,0
2023-08-31T09:15:29.042938Z,2023-08-31T09:15:29.042963Z,4b6551823fc74022be81977e6f10899c,https://imagedelivery.net/1s092Kgpn1nbxBESmZNkpg/ca60289f-53aa-43db-5a9f-432bf40aeb00/public,bf008a294f92491794dab88aa1b51fb4,9,0
2023-08-31T09:15:28.762936Z,2023-08-31T09:15:28.76296Z,4bf7599205c44e0bb6720fef3747d7dd,https://imagedelivery.net/1s092Kgpn1nbxBESmZNkpg/59350a93-8159-4ce6-c60c-d3481bbdf700/public,be26e6926c2c4bc19bcdce0dd2327cea,9,0
2023-08-31T09:15:28.654367Z,2023-08-31T09:15:28.654392Z,4cf4556da0734494982a1d9d4cc439f6,https://imagedelivery.net/1s092Kgpn1nbxBESmZNkpg/9f5a24ea-3fb8-4b0a-52a8-8afd09372100/public,f890d43dfdc446a69c8c475b693248e5,9,0
2023-08-31T09:15:28.085382Z,2023-08-31T09:15:28.085409Z,4cf6deba29fe44cc802697d0bf40873b,https://imagedelivery.net/1s092Kgpn1nbxBESmZNkpg/c5560f8d-09f7-47b0-da30-aa8c703de500/public,ddb1157d9cf64570a27e1894f6e92aa8,9,0
2023-10-23T01:52:30.59314Z,2023-10-23T01:52:30.593168Z,4dbb70b70f4843498f38f05815871ad9,https://imagedelivery.net/1s092Kgpn1nbxBESmZNkpg/d5b6fe0c-78bb-4cb7-c967-7aebf8622000/public,dc77fd143fc448d7bce71ed90bc59664,8,0
2023-09-12T15:39:34.487473Z,2023-09-12T15:39:34.487501Z,4e04ee6366da4e7f8d4c1f063a557383,https://imagedelivery.net/1s092Kgpn1nbxBESmZNkpg/846110e4-8c89-4dec-946e-18e3080bb700/public,b32d6df6900f4c33b986d5ee7d46ff45,8,0
2023-08-31T09:15:28.491592Z,2023-08-31T09:15:28.49163Z,4e4d4f6d342a4f2cbc5f6f2ba6750e27,https://imagedelivery.net/1s092Kgpn1nbxBESmZNkpg/c50c5e85-7546-4a1c-8989-1ba509275c00/public,64e72401eef941d990862f4b1a8ffb8e,9,0
2023-08-31T09:15:28.172344Z,2023-08-31T09:15:28.172388Z,4fdd276a46274dc59b7fb1f4fb6a3dfa,https://imagedelivery.net/1s092Kgpn1nbxBESmZNkpg/5654c040-0885-40ca-1912-8815079a9800/public,8be481a1ce7440d8a58a1d0b239ce1f1,9,0
2023-08-31T09:15:28.293053Z,2023-08-31T09:15:28.293079Z,516b3a31fc984db6b9a097161318693d,https://imagedelivery.net/1s092Kgpn1nbxBESmZNkpg/6755f58f-4fd5-4448-6998-41eae2997900/public,40660adfa64944bdae282b0e675575c0,9,0
2023-09-13T01:31:56.454234Z,2023-09-13T05:34:19.128483Z,518469825fed4e84bf20d6ff35ac88c2,https://imagedelivery.net/1s092Kgpn1nbxBESmZNkpg/7558ae83-7e47-4fdd-fa44-0ddcc8c71600/public,6fab895df5a148c5a08f25f1b84b02e9,8,1
2023-10-13T07:16:09.317352Z,2023-10-13T07:16:09.317379Z,51a0c3aed1a34ac1b6b90c6bc495b6e9,https://imagedelivery.net/1s092Kgpn1nbxBESmZNkpg/64e9abda-3572-42b4-c123-e6d8acff8d00/public,4efea5db67b3400ca46f558b1ec2e2c9,9,0
2023-08-31T09:15:27.886419Z,2023-08-31T09:15:27.886445Z,526281f8e07e479290f22cbd9c5f7d13,https://imagedelivery.net/1s092Kgpn1nbxBESmZNkpg/d6926389-0a4b-4d85-d859-7220513b3a00/public,6dc0f01cb53a4d71ab87bea04c1283ae,9,0
2023-08-31T09:15:28.824396Z,2023-08-31T09:15:28.824421Z,54d9d45f18554a85b45154d25d9ec1bc,https://imagedelivery.net/1s092Kgpn1nbxBESmZNkpg/a8d12dba-d452-4109-4c26-f767c86cf200/public,f71cb7651aeb4353adcd8149cb06c32e,9,0
2023-10-13T06:29:11.521357Z,2023-10-13T06:29:11.521386Z,55c1ea58c9634bc5815fddbc8770d1e6,https://imagedelivery.net/KS5WPV3zTnZqfcRPYRlsow/a6ccc2ce-c571-4bbc-5174-42edec16e800/public,df6521418de44c9abc17cc9c5a223caf,9,0
2023-09-13T01:31:49.067553Z,2023-09-13T05:32:50.152259Z,57ec62f010864d5f8456e5134e7cc10c,https://imagedelivery.net/1s092Kgpn1nbxBESmZNkpg/82f0d6b5-6a02-42eb-c277-eeb66a195b00/public,ada119b6af014d4995063802b5131826,8,0
2023-08-31T09:15:27.783753Z,2023-08-31T09:15:27.783779Z,590e334db6094d8eba79dbea83b86876,https://imagedelivery.net/1s092Kgpn1nbxBESmZNkpg/dbbb5756-c729-4f5c-3d48-37c3d97e3800/public,d7491f475818451e8dfa9af080c9da32,9,0
2023-08-31T09:15:28.028902Z,2023-08-31T09:15:28.028943Z,596b171a7b0844719f3df2ae31b1df79,https://imagedelivery.net/1s092Kgpn1nbxBESmZNkpg/eea60303-1bd8-4367-0630-cd800e3dbf00/public,88e1d54f26c1410db887688ba7cc1f4d,9,0
2023-09-13T01:58:03.697878Z,2023-09-13T05:52:52.431151Z,59c180ca09104f728496209cc55f7ddb,https://imagedelivery.net/1s092Kgpn1nbxBESmZNkpg/3aebbf01-069b-4c04-5582-f73a484bb900/public,ba768589404e4319bee5bcd8b970491b,9,0
2023-10-23T08:39:33.915057Z,2023-10-23T08:39:33.915086Z,59c8b3af9d0f41a38f663491cbf32086,https://imagedelivery.net/KS5WPV3zTnZqfcRPYRlsow/a6ccc2ce-c571-4bbc-5174-42edec16e800/public,2fefa57b1bdd4a9e92008117bca9cbd6,8,0
2023-08-31T09:15:28.364562Z,2023-08-31T09:15:28.364587Z,5a0cb756f2c948fc90f0df3e63fb45ca,https://imagedelivery.net/1s092Kgpn1nbxBESmZNkpg/828a9d9d-fc3a-4cfa-880b-a5a899502e00/public,51c09a6c55b145c385cf5f60fb69205f,9,0
2023-10-23T01:48:20.846536Z,2023-10-23T01:48:20.846564Z,5a756804d5f9487084c76fc7e9faa582,https://imagedelivery.net/1s092Kgpn1nbxBESmZNkpg/bd65c9a4-a283-4af4-f772-6a936a23ac00/public,6f4ceeded9e5432e9f6913fa637e3463,9,0
2023-09-13T01:15:32.513693Z,2023-09-13T02:29:45.954061Z,5b906aef45614edcb3c63e774cd39b16,https://imagedelivery.net/1s092Kgpn1nbxBESmZNkpg/584b13b0-82ea-4812-4d26-a3efa156cd00/public,6618625714e946ab8fe471895d7c1dee,8,0
2023-08-31T09:15:28.996672Z,2023-08-31T09:15:28.996697Z,5c2cbf0904d4457fa51b49eb219746ae,https://imagedelivery.net/1s092Kgpn1nbxBESmZNkpg/2d9429f1-2083-46ff-3cd0-ce8fd3f7a200/public,d38bb3da67564af8bfd2b302d25deecb,9,0
2023-09-12T15:03:41.125596Z,2023-09-12T15:03:41.125624Z,5d3bba94f738417a954fde741e85d5f9,https://imagedelivery.net/1s092Kgpn1nbxBESmZNkpg/818ef711-8587-40d4-c5ef-3ca97d06a300/public,0beff9eb4de34ba6b1b3fae91becceea,8,0
2023-10-23T01:55:02.162141Z,2023-10-23T01:55:02.16217Z,5f4ffbe2ccce4dbfb273518ec1197a1f,https://imagedelivery.net/1s092Kgpn1nbxBESmZNkpg/b941f26d-d725-4fdc-d96f-92d54f70fd00/public,d3d436033dc94cf3ac202196008a9790,9,0
2023-08-31T09:15:28.643831Z,2023-09-13T04:06:07.633339Z,63c4da83de414b1f9b3323f0de2e2f1e,https://imagedelivery.net/1s092Kgpn1nbxBESmZNkpg/aa7c41be-4604-4ed5-71f8-adf47984b300/public,c3cd3989f5f843b1ab3f98d9c677df5f,9,1
2023-08-31T09:15:27.966981Z,2023-08-31T09:15:27.967005Z,65fa2f5956044dc4a1bdcad32c42ff33,https://imagedelivery.net/1s092Kgpn1nbxBESmZNkpg/af6c085d-662b-4ad4-f7cf-86ca011a3a00/public,555ddd0fcc0448cd928895274aa6d067,9,0
2023-08-31T09:15:27.581258Z,2023-08-31T09:15:27.581283Z,663ec37dbc5049ad9d7949be42791906,https://imagedelivery.net/1s092Kgpn1nbxBESmZNkpg/0eb9fd40-0ecf-4eba-e194-b18ac0d21b00/public,fafcec1b036e478da36ac73f07918c5b,9,0
2023-10-23T08:42:29.941322Z,2023-10-23T08:42:29.941348Z,6752fed0a41244bbb2e759a80cf27066,https://imagedelivery.net/1s092Kgpn1nbxBESmZNkpg/c88124bc-6452-45e0-3d5e-8041cc606400/public,c80a752fb13343d39e107a2b30cf49ae,9,0
2023-09-13T01:32:03.935884Z,2023-09-13T05:36:29.527891Z,67e97dd7603e4c07b932e422c6aac349,https://imagedelivery.net/1s092Kgpn1nbxBESmZNkpg/7fa232b8-b47a-4707-dac7-581abc9ced00/public,13e25560a4d6413995bfbb95e11b221a,8,0
2023-08-31T09:15:27.710206Z,2023-08-31T09:15:27.71023Z,6a5c8237ba414447b115c0d505668554,https://imagedelivery.net/1s092Kgpn1nbxBESmZNkpg/16110d44-6529-453e-3265-da1e2b211200/public,2dfd87a2f8534406962647e5a02a8191,9,0
2023-09-13T04:36:10.154659Z,2023-09-13T04:36:10.155956Z,6ad1357e43a2433f8bbf78d0b035e8f6,https://imagedelivery.net/1s092Kgpn1nbxBESmZNkpg/0eed310d-1469-4789-69bf-0bfe7c19c600/public,e2c4c3ac83bb4cb794ace236819675f6,8,1
2023-08-31T09:15:27.93533Z,2023-08-31T09:15:27.935355Z,6d30c92876bd414d93a90291f22827d0,https://imagedelivery.net/1s092Kgpn1nbxBESmZNkpg/71f4e401-29f4-4869-19c3-4578e03e4400/public,555ddd0fcc0448cd928895274aa6d067,9,0
2023-08-31T09:15:27.794042Z,2023-08-31T09:15:27.794068Z,6d7ca13ff942489c9cb0d35ac80c171d,https://imagedelivery.net/1s092Kgpn1nbxBESmZNkpg/c50155fe-cf28-4755-a4e4-58d761d27200/public,d7491f475818451e8dfa9af080c9da32,9,0
2023-08-31T09:15:27.570508Z,2023-08-31T09:15:27.570534Z,6ed32489b5b54c42b892e80d29b67db6,https://imagedelivery.net/1s092Kgpn1nbxBESmZNkpg/0ad21712-646c-4d96-606d-ac33c8233f00/public,fafcec1b036e478da36ac73f07918c5b,9,0
2023-08-31T09:15:27.700666Z,2023-08-31T09:15:27.70069Z,702a8636b2c842818d6d29cf6e8bac23,https://imagedelivery.net/1s092Kgpn1nbxBESmZNkpg/dff61596-e67e-4b53-4ea4-ba04c9978e00/public,2dfd87a2f8534406962647e5a02a8191,9,0
2023-09-12T15:15:40.415636Z,2023-09-12T15:15:40.415664Z,71564e196ec44f76bd41e02bb07aa258,https://imagedelivery.net/1s092Kgpn1nbxBESmZNkpg/d2aff76e-0ab4-4367-c662-081af4be7a00/public,74a09321edf748a590bd4f8abb5bc7f0,8,0
2023-09-12T15:15:40.411731Z,2023-09-12T15:15:40.411758Z,71f905e65d734066b2f1e20381dbd035,https://imagedelivery.net/1s092Kgpn1nbxBESmZNkpg/b4f5d61d-a82a-4aa6-90c4-156b1595f800/public,74a09321edf748a590bd4f8abb5bc7f0,8,0
2023-08-31T09:15:27.517175Z,2023-08-31T09:15:27.517201Z,72eb13e392ac4b18a723e076da86cf75,https://imagedelivery.net/1s092Kgpn1nbxBESmZNkpg/810d1d6b-0618-45c0-c41c-a9a5ec889700/public,4c6dd2f506344644bdeb7e3a08fe7b48,9,0
2023-09-11T10:16:19.019792Z,2023-09-11T10:16:19.019825Z,73f6a702a672433ea20ccc17ccf90035,https://imagedelivery.net/1s092Kgpn1nbxBESmZNkpg/e28cbf58-7605-4d72-f2df-2c0acf893c00/public,200cc55242974ee59f75ead9ee02393f,9,0
2023-10-23T08:39:33.916756Z,2023-10-23T08:39:33.916783Z,74051f8221c84114ad52cf1590a28874,https://imagedelivery.net/KS5WPV3zTnZqfcRPYRlsow/a6ccc2ce-c571-4bbc-5174-42edec16e800/public,2fefa57b1bdd4a9e92008117bca9cbd6,8,0
2023-08-31T09:15:29.020691Z,2023-08-31T09:15:29.020716Z,74070b59c2da4ac2ab542be90d71a6f8,https://imagedelivery.net/1s092Kgpn1nbxBESmZNkpg/2d9429f1-2083-46ff-3cd0-ce8fd3f7a200/public,d38bb3da67564af8bfd2b302d25deecb,9,0
2023-08-31T09:15:28.954142Z,2023-08-31T09:15:28.954166Z,76450de6e04e41c2844267d86b584ef7,https://imagedelivery.net/1s092Kgpn1nbxBESmZNkpg/07ec5aca-6e3d-4d66-965e-d4eeeeb2bd00/public,c3aa476da2704a618080cbca26c22480,9,0
2023-09-13T01:57:55.783727Z,2023-09-13T05:56:02.179378Z,7648c052abc54798b43f49c5a9df2d4f,https://imagedelivery.net/1s092Kgpn1nbxBESmZNkpg/9c3f647c-e17b-47a4-76bb-1e3fef7cc800/public,42c59265ce4b4cd5892e38a636dec76c,9,1
2023-10-23T02:00:07.440379Z,2023-10-23T02:00:07.441556Z,76e76bf8fef44a3ab9a600f4aa98b256,https://imagedelivery.net/1s092Kgpn1nbxBESmZNkpg/9fac4a32-a5f1-4344-193e-460d0500ec00/public,6b33505a49a745d0979dc19174224140,9,1
2023-08-31T09:15:27.538844Z,2023-08-31T09:15:27.538869Z,79f02afbad994ec7befff3f9748c6183,https://imagedelivery.net/1s092Kgpn1nbxBESmZNkpg/0f7ec53f-50fb-436b-3c65-1552cdb96200/public,fafcec1b036e478da36ac73f07918c5b,9,0
2023-10-13T06:29:11.507554Z,2023-10-13T06:29:11.51471Z,79f523d229f649358e99981a06a16468,https://imagedelivery.net/1s092Kgpn1nbxBESmZNkpg/9a0b95f9-9eb6-46a0-fb22-3c0a74988d00/public,df6521418de44c9abc17cc9c5a223caf,9,1
2023-10-23T01:58:41.732163Z,2023-10-23T01:58:41.732191Z,7ac4f86bcfc2466fab3fe4ce34061f64,https://imagedelivery.net/KS5WPV3zTnZqfcRPYRlsow/a6ccc2ce-c571-4bbc-5174-42edec16e800/public,be62e34962844b0cb46da8ef277c6767,9,0
2023-08-31T09:15:28.309232Z,2023-08-31T09:15:28.309256Z,7b63d4ed6fb44f5982265a3beab00660,https://imagedelivery.net/1s092Kgpn1nbxBESmZNkpg/25d203af-2c88-40e4-c772-66582fd97e00/public,40660adfa64944bdae282b0e675575c0,9,0
2023-10-23T03:07:54.928707Z,2023-10-23T03:07:54.928733Z,7c28454710a7405ba7be789f273b31cd,https://imagedelivery.net/1s092Kgpn1nbxBESmZNkpg/e5bf3b80-2632-4ff7-6051-f66fabbbb400/public,abf390411e924e579b8a3a12e736944a,9,0
2023-10-23T08:39:33.909562Z,2023-10-23T08:39:33.9107Z,7c673d7f102b4eaabf38eb7320bde957,https://imagedelivery.net/1s092Kgpn1nbxBESmZNkpg/9a0b95f9-9eb6-46a0-fb22-3c0a74988d00/public,2fefa57b1bdd4a9e92008117bca9cbd6,8,1
2023-08-31T09:15:28.633253Z,2023-08-31T09:15:28.633279Z,7d2158a633ec4f588c9f943ffdb95dd9,https://imagedelivery.net/1s092Kgpn1nbxBESmZNkpg/288767c3-2a21-4264-1223-ad09670d9100/public,c3cd3989f5f843b1ab3f98d9c677df5f,9,0
2023-10-23T02:06:51.110249Z,2023-10-23T02:06:51.110277Z,7f17fd0e66014b1ca75cf02beeb75b8b,https://imagedelivery.net/1s092Kgpn1nbxBESmZNkpg/b00caad8-7e16-4bb2-6798-95f7393dc900/public,e6d4349fb5364131b385ebaddd121a62,9,0
2023-08-31T09:15:27.643719Z,2023-08-31T09:15:27.643744Z,808274ec17c04bb796d2d0eab81886bd,https://imagedelivery.net/1s092Kgpn1nbxBESmZNkpg/bd23d410-fc67-4b8a-c828-8a2531403c00/public,4d8ffa150be44ccd951daa30c60ddf93,9,0
2023-08-31T09:15:28.974943Z,2023-08-31T09:15:28.974967Z,80bdbbf267394f67a0e7ab32233f2a46,https://imagedelivery.net/1s092Kgpn1nbxBESmZNkpg/2d9429f1-2083-46ff-3cd0-ce8fd3f7a200/public,d38bb3da67564af8bfd2b302d25deecb,9,0
2023-08-31T09:15:27.921927Z,2023-08-31T09:15:27.921954Z,81f1b382363a45bf907f2023cc459110,https://imagedelivery.net/1s092Kgpn1nbxBESmZNkpg/326404aa-5a4e-4655-ba5e-40cdc85bf400/public,555ddd0fcc0448cd928895274aa6d067,9,0
2023-08-31T09:15:28.282098Z,2023-08-31T09:15:28.282122Z,823ec9c3a6274f1d972567096bdac9c2,https://imagedelivery.net/1s092Kgpn1nbxBESmZNkpg/592de38c-1a95-4b0e-4f90-34127ae6b400/public,40660adfa64944bdae282b0e675575c0,9,0
2023-10-23T08:47:31.433695Z,2023-10-23T08:47:31.433723Z,82884df5347042a5a6c65b7c6b96b060,https://imagedelivery.net/1s092Kgpn1nbxBESmZNkpg/9a0b95f9-9eb6-46a0-fb22-3c0a74988d00/public,005a81b7e28748e48c2c6eaefd88fd42,8,0
2023-10-23T02:06:51.103667Z,2023-10-23T02:06:51.104983Z,82a9011867884e5b82e65fd45c72d313,https://imagedelivery.net/1s092Kgpn1nbxBESmZNkpg/eaff9780-ec61-448a-9217-d7888f103100/public,e6d4349fb5364131b385ebaddd121a62,9,1
2023-10-23T02:00:07.444118Z,2023-10-23T02:00:07.44415Z,830a2998e2714784874de0a01f21d175,https://imagedelivery.net/1s092Kgpn1nbxBESmZNkpg/60c1d3bb-4ecb-4c9e-5b7e-ad0be71a6d00/public,6b33505a49a745d0979dc19174224140,9,0
2023-08-31T09:15:28.550498Z,2023-08-31T09:15:28.550523Z,8317f79f9d634f08ad19b5a2778445b6,https://imagedelivery.net/1s092Kgpn1nbxBESmZNkpg/4796bb83-7dcb-450c-a970-cb6b270b0e00/public,34f1edb27f1047be84e3d5c2c2d50a6a,9,0
2023-08-31T09:15:27.863796Z,2023-08-31T09:15:27.863821Z,84dc0a36eef8466496a27ca3de80896d,https://imagedelivery.net/1s092Kgpn1nbxBESmZNkpg/aa5adf27-4e80-4731-b987-58ca124d0f00/public,6dc0f01cb53a4d71ab87bea04c1283ae,9,0
2023-09-13T01:57:55.781352Z,2023-09-13T05:56:10.773923Z,852f292312a74c2094fa00c742f3cdbc,https://imagedelivery.net/1s092Kgpn1nbxBESmZNkpg/07ace600-9ab9-40bc-c55d-4e44ecc13900/public,42c59265ce4b4cd5892e38a636dec76c,9,0
2023-08-31T09:15:28.096453Z,2023-08-31T09:15:28.096479Z,8537b8794e0a474881e777d10ae6fd16,https://imagedelivery.net/1s092Kgpn1nbxBESmZNkpg/f1612e33-fbe3-40ea-7aa4-46009aef2b00/public,ddb1157d9cf64570a27e1894f6e92aa8,9,0
2023-09-13T04:36:33.482953Z,2023-09-13T04:36:33.482983Z,86387e18d42e49fdbdfdffa5b9a02b2c,https://imagedelivery.net/1s092Kgpn1nbxBESmZNkpg/a088de89-6e7e-45a4-5e70-3fa2f9b4c600/public,dec89fccbaea47b18c0664b4be36c48d,8,0
2023-08-31T09:15:28.344916Z,2023-08-31T09:15:28.34494Z,8872bf9bc6e34aee895b4b5ac67d94c6,https://imagedelivery.net/1s092Kgpn1nbxBESmZNkpg/0763e32b-a838-45a5-72b4-3bad9d884f00/public,51c09a6c55b145c385cf5f60fb69205f,9,0
2023-09-12T15:03:41.121955Z,2023-09-12T15:03:41.121984Z,8a9d5db689d24c4f87fed0bb0adfc5db,https://imagedelivery.net/1s092Kgpn1nbxBESmZNkpg/d0b9640e-b663-45db-fb96-eaa39bf49800/public,0beff9eb4de34ba6b1b3fae91becceea,8,0
2023-09-12T15:15:40.413774Z,2023-09-12T15:15:40.413802Z,8bf3174c348c419e90ba4d22983128eb,https://imagedelivery.net/1s092Kgpn1nbxBESmZNkpg/c3c64e7a-e800-456c-ea92-7eba2b6c2600/public,74a09321edf748a590bd4f8abb5bc7f0,8,0
2023-08-31T09:15:27.591644Z,2023-08-31T09:15:27.59167Z,8e2c51a6304148dabd616a3461552732,https://imagedelivery.net/1s092Kgpn1nbxBESmZNkpg/147a51ee-6195-42d4-7ee8-2283f4386500/public,d11d170ee432429a902f836d447b8c09,9,0
2023-08-31T09:15:28.602805Z,2023-08-31T09:15:28.602833Z,8e837c25dd264f64b14d25bd2433b0a9,https://imagedelivery.net/1s092Kgpn1nbxBESmZNkpg/aa7c41be-4604-4ed5-71f8-adf47984b300/public,c3cd3989f5f843b1ab3f98d9c677df5f,9,0
2023-08-31T09:15:28.623075Z,2023-08-31T09:15:28.623101Z,8ff131120ab143f2a621d72a2f240ac1,https://imagedelivery.net/1s092Kgpn1nbxBESmZNkpg/923895eb-0954-47c3-5af4-f03d10d91900/public,c3cd3989f5f843b1ab3f98d9c677df5f,9,0
2023-08-31T09:15:29.11976Z,2023-08-31T09:15:29.119786Z,90031a00e4cd4f2abf5e3b43e9e5cb7d,https://imagedelivery.net/1s092Kgpn1nbxBESmZNkpg/6ace3738-43e8-4acf-4b00-00245bf6d400/public,298a8c368073468691975db924cc07f6,9,0
2023-08-31T09:15:28.405841Z,2023-08-31T09:15:28.405867Z,906354ea7b374cf5b8ff0585facc5f1a,https://imagedelivery.net/1s092Kgpn1nbxBESmZNkpg/4c6a7eae-f1b3-4603-8184-82dc03dd8900/public,8f9c56d4fc8c4322a150d211472e0869,9,0
2023-10-23T01:48:20.844708Z,2023-10-23T01:48:20.844738Z,921c46be15384ba8ad3a237464e6a158,https://imagedelivery.net/1s092Kgpn1nbxBESmZNkpg/307c919b-135e-4b22-86b4-e22acab2c000/public,6f4ceeded9e5432e9f6913fa637e3463,9,0
2023-10-23T01:48:20.838669Z,2023-10-23T01:48:20.841698Z,9328de9d859148858a2c2cba518970fb,https://imagedelivery.net/1s092Kgpn1nbxBESmZNkpg/099c623b-66c0-4b5f-1eab-af849c081f00/public,6f4ceeded9e5432e9f6913fa637e3463,9,1
2023-09-13T01:31:56.449994Z,2023-09-13T05:34:29.153873Z,9394f854c6a34e6fad10ffad5f8c674a,https://imagedelivery.net/1s092Kgpn1nbxBESmZNkpg/7e3571ba-ae3f-4f04-e197-6ff004627800/public,6fab895df5a148c5a08f25f1b84b02e9,8,0
2023-08-31T09:15:28.07409Z,2023-08-31T09:15:28.074117Z,95a42c452ac24e408944f11086d892e2,https://imagedelivery.net/1s092Kgpn1nbxBESmZNkpg/134ea97e-2237-4396-1cc1-d3e32922d100/public,ddb1157d9cf64570a27e1894f6e92aa8,9,0
2023-08-31T09:15:28.202155Z,2023-08-31T09:15:28.202178Z,95f9735d02ed4861adbd753a5aa8b8f1,https://imagedelivery.net/1s092Kgpn1nbxBESmZNkpg/12a4168a-e066-43da-fb5e-2a8b78ac3500/public,8d68e4d31cc34a99a9c4409a9dbc32c9,9,0
2023-08-31T09:15:28.538668Z,2023-08-31T09:15:28.538693Z,96678f820cac471ab483adb8319b1e9b,https://imagedelivery.net/1s092Kgpn1nbxBESmZNkpg/c50c5e85-7546-4a1c-8989-1ba509275c00/public,64e72401eef941d990862f4b1a8ffb8e,9,0
2023-08-31T09:15:28.580897Z,2023-08-31T09:15:28.580924Z,97974d56716945d588639bff21dbd639,https://imagedelivery.net/1s092Kgpn1nbxBESmZNkpg/ac1b45c7-b4d8-4ce5-4c65-1d8e1dec2f00/public,34f1edb27f1047be84e3d5c2c2d50a6a,9,0
2023-08-31T09:15:28.107215Z,2023-08-31T09:15:28.10724Z,97a09e4c3fd841d8a10ae9c8e5559e12,https://imagedelivery.net/1s092Kgpn1nbxBESmZNkpg/9539e97d-31f7-44a3-2341-883795d22700/public,ddb1157d9cf64570a27e1894f6e92aa8,9,0
2023-09-13T04:36:10.158515Z,2023-09-13T04:36:10.158546Z,97d028431adb4186a493beaaec9d5a9e,https://imagedelivery.net/1s092Kgpn1nbxBESmZNkpg/261473f7-011c-4ada-a3e8-919210788700/public,e2c4c3ac83bb4cb794ace236819675f6,8,0
2023-08-31T09:15:27.473352Z,2023-09-14T01:41:05.694532Z,982afeebd5a045c086594523fe6b5a4a,https://imagedelivery.net/1s092Kgpn1nbxBESmZNkpg/9cdb62ff-540f-4c9e-09ee-4587de20b400/public,4c6dd2f506344644bdeb7e3a08fe7b48,9,1
2023-10-23T02:51:55.380798Z,2023-10-23T02:51:55.380827Z,98689ee658754bccbd811612b769aeef,https://imagedelivery.net/1s092Kgpn1nbxBESmZNkpg/70298cef-38df-4125-f9bf-b5f56409d100/public,7fc80ecd03cb47bb9815ebe530887e9e,9,0
2023-08-31T09:15:28.37521Z,2023-08-31T09:15:28.375235Z,9c306a91db0e4ef68a09ae06b64d6812,https://imagedelivery.net/1s092Kgpn1nbxBESmZNkpg/e9c06e75-8818-44e2-864d-aa02b66aa800/public,8f9c56d4fc8c4322a150d211472e0869,9,0
2023-08-31T09:15:28.694654Z,2023-08-31T09:15:28.694679Z,9cd79531ea494d8a86069c0804638b1e,https://imagedelivery.net/1s092Kgpn1nbxBESmZNkpg/66c1b909-6f07-47af-84f0-dc64c4737100/public,f890d43dfdc446a69c8c475b693248e5,9,0
2023-08-31T09:15:28.480477Z,2023-08-31T09:15:28.480502Z,9d2217f790384d88b1db04c0bfb73fbf,https://imagedelivery.net/1s092Kgpn1nbxBESmZNkpg/23624d37-e7a1-4e86-cd31-0436438eb600/public,bef04113581a478e9a95a1726f660794,9,0
2023-08-31T09:15:28.773717Z,2023-08-31T09:15:28.773741Z,9dd0125b2fcc4152adf53f49208af9f2,https://imagedelivery.net/1s092Kgpn1nbxBESmZNkpg/a8d12dba-d452-4109-4c26-f767c86cf200/public,f71cb7651aeb4353adcd8149cb06c32e,9,0
2023-09-12T15:39:34.483442Z,2023-09-12T15:39:34.483492Z,9e4c65060f9a4e8894a29537088b019a,https://imagedelivery.net/1s092Kgpn1nbxBESmZNkpg/614744c4-b5b4-4786-a719-0e308d69b000/public,b32d6df6900f4c33b986d5ee7d46ff45,8,0
2023-08-31T09:15:27.994003Z,2023-08-31T09:15:27.994029Z,a0bbcf3822ab45b8a18f4d127306b56a,https://imagedelivery.net/1s092Kgpn1nbxBESmZNkpg/c7882e34-0f71-4958-d0c9-f3f7b524a400/public,88e1d54f26c1410db887688ba7cc1f4d,9,0
2023-09-13T01:57:49.099701Z,2023-09-13T06:00:07.866528Z,a0ed81d8c37c417ebdc56161e8ca885f,https://imagedelivery.net/1s092Kgpn1nbxBESmZNkpg/a27e5f24-0e2e-4bec-64ce-b3bd5e4c1a00/public,eeba8171a2264e71a143273056c1e000,9,1
2023-08-31T09:15:27.601649Z,2023-08-31T09:15:27.601675Z,a2a38ccfc86b463d93f2b67b33d79c4e,https://imagedelivery.net/1s092Kgpn1nbxBESmZNkpg/2f60d040-22a6-4ff6-4093-ec49ae272500/public,d11d170ee432429a902f836d447b8c09,9,0
2023-09-13T04:36:17.464537Z,2023-09-13T04:36:17.464564Z,a2a4e9dc54284b51bb8056915bb95f3f,https://imagedelivery.net/1s092Kgpn1nbxBESmZNkpg/fc90586d-d94b-48e3-f363-412737765800/public,a53cb69adf0d41cdb49d6f7cb4d71cce,8,0
2023-10-23T03:07:54.923056Z,2023-10-23T03:07:54.924386Z,a4eb465970484f57bb8120ed14c5f867,https://imagedelivery.net/1s092Kgpn1nbxBESmZNkpg/b0092861-ff59-4299-969c-6e7fbe180100/public,abf390411e924e579b8a3a12e736944a,9,1
2023-08-31T09:15:27.496785Z,2023-08-31T09:15:27.496813Z,a540c7d3270a4784b4a0933bb93ff11b,https://imagedelivery.net/1s092Kgpn1nbxBESmZNkpg/59ed0d4e-54d3-4855-b36a-4bd69ca36c00/public,4c6dd2f506344644bdeb7e3a08fe7b48,9,0
2023-10-23T02:02:54.204378Z,2023-10-23T02:02:54.205559Z,a56d576f361d48bf9809fae8c8b54e8b,https://imagedelivery.net/1s092Kgpn1nbxBESmZNkpg/9a0b95f9-9eb6-46a0-fb22-3c0a74988d00/public,911ebfabf8b34d609febb9bebb7ac385,9,1
2023-08-31T09:15:27.741917Z,2023-08-31T09:15:27.741943Z,a86171c1e3ff465ea5e63721dc3c6224,https://imagedelivery.net/1s092Kgpn1nbxBESmZNkpg/8c36f9a5-ed10-4370-57c7-8657800fc000/public,2dfd87a2f8534406962647e5a02a8191,9,0
2023-08-31T09:15:29.076543Z,2023-08-31T09:15:29.07657Z,a8d21d308242473298a28eb14743b0e0,https://imagedelivery.net/1s092Kgpn1nbxBESmZNkpg/ef7a4c6d-556a-4506-f555-27a4f9ca8100/public,bf008a294f92491794dab88aa1b51fb4,9,0
2023-08-31T09:15:28.354626Z,2023-08-31T09:15:28.354651Z,a96b1140071244bfa31ebe508fd758cd,https://imagedelivery.net/1s092Kgpn1nbxBESmZNkpg/cfaff799-adda-4e57-3d41-f1c84cbc4f00/public,51c09a6c55b145c385cf5f60fb69205f,9,0
2023-08-31T09:15:28.150801Z,2023-08-31T09:15:28.150828Z,a9aae391879847d888e4163b2080d881,https://imagedelivery.net/1s092Kgpn1nbxBESmZNkpg/b207f6b4-211c-4306-f20e-f69b5e6a1700/public,8be481a1ce7440d8a58a1d0b239ce1f1,9,0
2023-10-23T03:09:00.501066Z,2023-10-23T03:09:00.501097Z,ac1dea6088ea42a4a1b7ffd8ab8bbce6,https://imagedelivery.net/1s092Kgpn1nbxBESmZNkpg/f5594867-8434-4c22-4c0e-29aea7602500/public,d3aae9dd153f4f5ba438e6ecd6c59d13,8,0
2023-08-31T09:15:27.752849Z,2023-08-31T09:15:27.752876Z,ae124a435f884737b806773ac3112913,https://imagedelivery.net/1s092Kgpn1nbxBESmZNkpg/c30c1dc1-5c58-4dd0-f2df-3ad1db75c300/public,d7491f475818451e8dfa9af080c9da32,9,0
2023-08-31T09:15:28.334906Z,2023-08-31T09:15:28.334931Z,b031695d27ea42f5a8751dc1025cfad7,https://imagedelivery.net/1s092Kgpn1nbxBESmZNkpg/5ccb0bd2-4313-422b-d2f5-93f29b497000/public,51c09a6c55b145c385cf5f60fb69205f,9,0
2023-08-31T09:15:27.507236Z,2023-08-31T09:15:27.507262Z,b0eaae5fe4a14d67859f7cd28a2aada5,https://imagedelivery.net/1s092Kgpn1nbxBESmZNkpg/a6a17c75-668d-4312-82ff-496fb473ea00/public,4c6dd2f506344644bdeb7e3a08fe7b48,9,0
2023-08-31T09:15:28.249501Z,2023-08-31T09:15:28.249523Z,b2c1e0d4258c449ba18bf21ff695c66f,https://imagedelivery.net/1s092Kgpn1nbxBESmZNkpg/b201919a-90c8-4b45-42ae-cb3a9968f500/public,40660adfa64944bdae282b0e675575c0,9,0
2023-08-31T09:15:27.875426Z,2023-08-31T09:15:27.875452Z,b329119849d5445fb8fc688b5c1e90c1,https://imagedelivery.net/1s092Kgpn1nbxBESmZNkpg/b6b632c9-847d-45a5-db11-8ed9f8aa3100/public,6dc0f01cb53a4d71ab87bea04c1283ae,9,0
2023-10-23T02:02:54.211285Z,2023-10-23T02:02:54.211314Z,b62e38780ef241459c53ac747166a6eb,https://imagedelivery.net/KS5WPV3zTnZqfcRPYRlsow/a6ccc2ce-c571-4bbc-5174-42edec16e800/public,911ebfabf8b34d609febb9bebb7ac385,9,0
2023-09-13T05:56:52.370952Z,2023-09-13T05:58:17.65359Z,b72157d92d994cc7915b2e95f8640522,https://imagedelivery.net/1s092Kgpn1nbxBESmZNkpg/75743ae9-5f43-464f-2d70-f11164766a00/public,42c59265ce4b4cd5892e38a636dec76c,9,0
2023-09-13T01:57:55.78591Z,2023-09-13T05:56:17.376972Z,bb7595d8944643c2900fcdbc95280668,https://imagedelivery.net/1s092Kgpn1nbxBESmZNkpg/c7174516-f610-4315-ab70-d2ddfa630f00/public,42c59265ce4b4cd5892e38a636dec76c,9,0
2023-08-31T09:15:28.118056Z,2023-08-31T09:15:28.118081Z,bcc8b10ba3024eddb32ee40a3df3d045,https://imagedelivery.net/1s092Kgpn1nbxBESmZNkpg/6155c5c0-02f3-48c8-7f02-cc29b048d700/public,ddb1157d9cf64570a27e1894f6e92aa8,9,0
2023-10-23T02:02:54.209014Z,2023-10-23T02:02:54.209044Z,bcf07e70ea794edfa8ddd74ed7028e31,https://imagedelivery.net/1s092Kgpn1nbxBESmZNkpg/9a0b95f9-9eb6-46a0-fb22-3c0a74988d00/public,911ebfabf8b34d609febb9bebb7ac385,9,0
2023-08-31T09:15:29.109387Z,2023-08-31T09:15:29.109412Z,be16f444b37a4463b3acf70c7ed73cc6,https://imagedelivery.net/1s092Kgpn1nbxBESmZNkpg/731bd38d-251a-4664-a6a9-fd82b4585300/public,298a8c368073468691975db924cc07f6,9,0
2023-10-23T01:55:02.164275Z,2023-10-23T01:55:02.164304Z,be642ffd7317454095cbf28dec94a5fe,https://imagedelivery.net/1s092Kgpn1nbxBESmZNkpg/f9b9c7a2-9da5-489e-7d32-ba6201713300/public,d3d436033dc94cf3ac202196008a9790,9,0
2023-08-31T09:15:28.448507Z,2023-08-31T09:15:28.448532Z,c1a8a369cfef48fdb7d54aeb2019e1e1,https://imagedelivery.net/1s092Kgpn1nbxBESmZNkpg/8ff963d9-3256-422b-d1c1-15483c59cb00/public,bef04113581a478e9a95a1726f660794,9,0
2023-08-31T09:15:28.964304Z,2023-08-31T09:15:28.964328Z,c3c053794c454b2a953501de31611541,https://imagedelivery.net/1s092Kgpn1nbxBESmZNkpg/07ec5aca-6e3d-4d66-965e-d4eeeeb2bd00/public,c3aa476da2704a618080cbca26c22480,9,0
2023-08-31T09:15:28.741823Z,2023-08-31T09:15:28.741848Z,c500262873a7440488b168d760a4d595,https://imagedelivery.net/1s092Kgpn1nbxBESmZNkpg/59350a93-8159-4ce6-c60c-d3481bbdf700/public,be26e6926c2c4bc19bcdce0dd2327cea,9,0
2023-10-23T08:38:17.233319Z,2023-10-23T08:38:17.233347Z,c5e670b0cd814d93bb46a7f29806dc66,https://imagedelivery.net/KS5WPV3zTnZqfcRPYRlsow/a6ccc2ce-c571-4bbc-5174-42edec16e800/public,95f8a68b10d24329a11b3dddf2d67712,9,0
2023-08-31T09:15:27.484814Z,2023-08-31T09:15:27.484843Z,c5f9ee3de08e4d4b9431a812c019cb96,https://imagedelivery.net/1s092Kgpn1nbxBESmZNkpg/ddce0333-f37a-4c88-e3ed-9a65a5ca6e00/public,4c6dd2f506344644bdeb7e3a08fe7b48,9,0
2023-09-12T15:39:41.080988Z,2023-09-13T05:27:53.986018Z,c7493901b56f4c408c5d8e692fb4aa01,https://imagedelivery.net/1s092Kgpn1nbxBESmZNkpg/7a4ec259-8632-4bce-e0f5-72f21d27ad00/public,48e00fef8a1948b3afea1dc540a91dac,8,1
2023-10-23T08:38:17.231522Z,2023-10-23T08:38:17.231549Z,c767c9f7467e43a2b3f1ef617e513471,https://imagedelivery.net/KS5WPV3zTnZqfcRPYRlsow/a6ccc2ce-c571-4bbc-5174-42edec16e800/public,95f8a68b10d24329a11b3dddf2d67712,9,0
2023-09-12T15:39:41.082765Z,2023-09-13T05:28:11.370586Z,c78af93ac8d44441b1020d1ddfba78f3,https://imagedelivery.net/1s092Kgpn1nbxBESmZNkpg/622a572d-68af-4108-f0e5-0bd49a692700/public,48e00fef8a1948b3afea1dc540a91dac,8,0
2023-09-13T04:36:17.462428Z,2023-09-13T04:36:17.462463Z,ca41893e6823468abcaf563237b7906c,https://imagedelivery.net/1s092Kgpn1nbxBESmZNkpg/7e2676c7-ee45-4191-8244-509e224bcc00/public,a53cb69adf0d41cdb49d6f7cb4d71cce,8,0
2023-08-31T09:15:28.009041Z,2023-08-31T09:15:28.009065Z,ca7b2558996e484882772e4a613f6f54,https://imagedelivery.net/1s092Kgpn1nbxBESmZNkpg/aa4e6301-c8b3-4e94-c7af-ccbf5a923300/public,88e1d54f26c1410db887688ba7cc1f4d,9,0
2023-09-12T15:03:41.123771Z,2023-09-12T15:03:41.123802Z,cae420dec9d346aaa82d609c398cca40,https://imagedelivery.net/1s092Kgpn1nbxBESmZNkpg/73c899bf-252a-414a-8807-b4d06395d900/public,0beff9eb4de34ba6b1b3fae91becceea,8,0
2023-10-23T08:42:29.935421Z,2023-10-23T08:42:29.937355Z,cc8f132861424ecdb9d83b02e45207dc,https://imagedelivery.net/1s092Kgpn1nbxBESmZNkpg/d34721a3-0e98-4139-c3d0-6d37ad422700/public,c80a752fb13343d39e107a2b30cf49ae,9,1
2023-08-31T09:15:28.784353Z,2023-08-31T09:15:28.784377Z,d02c99d8e72143f7b55228b9b0823ab7,https://imagedelivery.net/1s092Kgpn1nbxBESmZNkpg/9bd3175a-ff11-4509-4fc4-b184f1154400/public,f71cb7651aeb4353adcd8149cb06c32e,9,0
2023-10-13T06:29:11.517651Z,2023-10-13T06:29:11.517679Z,d0766b3e8c70469eb7b9e3e098354648,https://imagedelivery.net/1s092Kgpn1nbxBESmZNkpg/9a0b95f9-9eb6-46a0-fb22-3c0a74988d00/public,df6521418de44c9abc17cc9c5a223caf,9,0
2023-08-31T09:15:28.752569Z,2023-08-31T09:15:28.752594Z,d1903d3778d44ff58c66fc91d59accfb,https://imagedelivery.net/1s092Kgpn1nbxBESmZNkpg/948b063b-7d13-4812-be90-26225b392800/public,be26e6926c2c4bc19bcdce0dd2327cea,9,0
2023-08-31T09:15:28.438157Z,2023-08-31T09:15:28.438182Z,d2fd9bec066a42219304970b913da4b3,https://imagedelivery.net/1s092Kgpn1nbxBESmZNkpg/23624d37-e7a1-4e86-cd31-0436438eb600/public,bef04113581a478e9a95a1726f660794,9,0
2023-10-23T01:58:41.729873Z,2023-10-23T01:58:41.729899Z,d357928f028f46aa8558d906177d34cc,https://imagedelivery.net/KS5WPV3zTnZqfcRPYRlsow/a6ccc2ce-c571-4bbc-5174-42edec16e800/public,be62e34962844b0cb46da8ef277c6767,9,0
2023-08-31T09:15:27.910596Z,2023-08-31T09:15:27.910621Z,d5262009cb0e42d382eb8bb301cdaa94,https://imagedelivery.net/1s092Kgpn1nbxBESmZNkpg/faf8a0c4-8a38-4f66-1afa-a93ab3c8a100/public,6dc0f01cb53a4d71ab87bea04c1283ae,9,0
2023-09-13T01:58:03.699612Z,2023-09-13T05:53:00.635463Z,d542733c49a14639be175d5e6a03d937,https://imagedelivery.net/1s092Kgpn1nbxBESmZNkpg/6c239902-0c3c-4ee9-a9d3-3c5a82265300/public,ba768589404e4319bee5bcd8b970491b,9,0
2023-08-31T09:15:28.192532Z,2023-09-14T01:42:40.079363Z,d5ef20e2b233432a9eeb2bf89d172710,https://imagedelivery.net/1s092Kgpn1nbxBESmZNkpg/d7ca5ce2-95ad-4f8f-f25d-15577ed5f600/public,8d68e4d31cc34a99a9c4409a9dbc32c9,9,1
2023-08-31T09:15:28.182573Z,2023-08-31T09:15:28.182596Z,d683b3bfaf224c6a9ce90613fa200502,https://imagedelivery.net/1s092Kgpn1nbxBESmZNkpg/2450fef3-6319-439d-401d-e8019850ec00/public,8be481a1ce7440d8a58a1d0b239ce1f1,9,0
2023-08-31T09:15:29.08765Z,2023-08-31T09:15:29.087676Z,d6cc0d43e7cf4403b666c3be4e7f267f,https://imagedelivery.net/1s092Kgpn1nbxBESmZNkpg/6ace3738-43e8-4acf-4b00-00245bf6d400/public,298a8c368073468691975db924cc07f6,9,0
2023-08-31T09:15:28.235466Z,2023-08-31T09:15:28.23549Z,d71ea0b14a974421b31821e71fee2f15,https://imagedelivery.net/1s092Kgpn1nbxBESmZNkpg/4dd29540-265a-4d4e-05bb-90af1d354f00/public,8d68e4d31cc34a99a9c4409a9dbc32c9,9,0
2023-09-13T04:36:17.458615Z,2023-09-13T04:36:17.460144Z,d74e6dd6b0e4442e83cefe428e71bcfc,https://imagedelivery.net/1s092Kgpn1nbxBESmZNkpg/06ecbbcd-71d1-4234-768d-cd9e2e6b8300/public,a53cb69adf0d41cdb49d6f7cb4d71cce,8,1
2023-10-23T01:58:41.722844Z,2023-10-23T01:58:41.725432Z,d7c2e45363f34708814e6244e506b2d0,https://imagedelivery.net/1s092Kgpn1nbxBESmZNkpg/9a0b95f9-9eb6-46a0-fb22-3c0a74988d00/public,be62e34962844b0cb46da8ef277c6767,9,1
2023-09-13T01:31:56.452377Z,2023-09-13T05:34:37.633317Z,d930b75e152a4cacaf57e51018302562,https://imagedelivery.net/1s092Kgpn1nbxBESmZNkpg/64360b82-ba8b-4bce-0233-1d1380addf00/public,6fab895df5a148c5a08f25f1b84b02e9,8,0
2023-08-31T09:15:28.271Z,2023-08-31T09:15:28.271025Z,d9862039d1274c44aa539a7a33471e78,https://imagedelivery.net/1s092Kgpn1nbxBESmZNkpg/83994065-4b37-4b27-8b7a-b9ebd885f500/public,40660adfa64944bdae282b0e675575c0,9,0
2023-10-23T03:09:00.503259Z,2023-10-23T03:09:00.503287Z,db5e78adaa8f46b08336b1f3dc71ecaa,https://imagedelivery.net/1s092Kgpn1nbxBESmZNkpg/b6e0a4cd-f7f9-40db-dc6b-97c8ef48f900/public,d3aae9dd153f4f5ba438e6ecd6c59d13,8,0
2023-08-31T09:15:27.95654Z,2023-08-31T09:15:27.95658Z,dc057f00fdc546e09dba984914da9148,https://imagedelivery.net/1s092Kgpn1nbxBESmZNkpg/9d5335cb-3887-4a58-ff84-dcb3c96cbd00/public,555ddd0fcc0448cd928895274aa6d067,9,0
2023-09-13T01:32:03.9439Z,2023-09-13T05:36:37.782306Z,dd274995c77b4564b2e4fbe0b205c6a7,https://imagedelivery.net/1s092Kgpn1nbxBESmZNkpg/9169cefe-aded-4185-2108-071198f50800/public,13e25560a4d6413995bfbb95e11b221a,8,0
2023-10-23T01:52:30.583353Z,2023-10-23T01:52:30.584622Z,de9f5bd43ebd478c96d836cbdf6c1ead,https://imagedelivery.net/1s092Kgpn1nbxBESmZNkpg/f0a894df-f430-4cd1-71c0-2e3195025500/public,dc77fd143fc448d7bce71ed90bc59664,8,1
2023-08-31T09:15:28.140485Z,2023-08-31T09:15:28.14051Z,deef68159e684d128c1908b53763a6ab,https://imagedelivery.net/1s092Kgpn1nbxBESmZNkpg/5cd4798b-5510-48f1-a07d-27c424094e00/public,8be481a1ce7440d8a58a1d0b239ce1f1,9,0
2023-09-12T15:39:41.079143Z,2023-09-13T05:28:20.255292Z,dfe9fa08bba642448242a68d061ea44f,https://imagedelivery.net/1s092Kgpn1nbxBESmZNkpg/6b9a8098-4f63-4d34-957d-047aaf402200/public,48e00fef8a1948b3afea1dc540a91dac,8,0
2023-09-13T02:22:20.907493Z,2023-09-13T05:30:46.117769Z,e123befec92a47539057284ea7f25e93,https://imagedelivery.net/1s092Kgpn1nbxBESmZNkpg/05b64153-185b-4b60-b3fc-84f993421800/public,585d5960478844949d04950a07080b0d,8,0
2023-10-23T08:42:29.939559Z,2023-10-23T08:42:29.939585Z,e1bd78f6a12d4225a12d07a008a18006,https://imagedelivery.net/1s092Kgpn1nbxBESmZNkpg/364d2224-c9d1-469a-7302-fa620ac41200/public,c80a752fb13343d39e107a2b30cf49ae,9,0
2023-08-31T09:15:28.943892Z,2023-08-31T09:15:28.943918Z,e2841151d6cb4d809500076d8a7e70ae,https://imagedelivery.net/1s092Kgpn1nbxBESmZNkpg/07ec5aca-6e3d-4d66-965e-d4eeeeb2bd00/public,c3aa476da2704a618080cbca26c22480,9,0
2023-09-13T01:57:49.103551Z,2023-09-13T06:00:15.396779Z,e2d1561a487b4a6e8f2a8e40b5093583,https://imagedelivery.net/1s092Kgpn1nbxBESmZNkpg/60800b65-46ea-4952-fd53-9c17a17fe500/public,eeba8171a2264e71a143273056c1e000,9,0
2023-08-31T09:15:28.717847Z,2023-08-31T09:15:28.717873Z,e3da9f449a424c74bf4a3c20e330da96,https://imagedelivery.net/1s092Kgpn1nbxBESmZNkpg/59350a93-8159-4ce6-c60c-d3481bbdf700/public,be26e6926c2c4bc19bcdce0dd2327cea,9,0
2023-10-13T07:16:09.314736Z,2023-10-13T07:16:09.314769Z,e483120ad38348edbcf97b82a7f96832,https://imagedelivery.net/1s092Kgpn1nbxBESmZNkpg/a8c261c5-5303-4a53-dea5-447811dbd900/public,4efea5db67b3400ca46f558b1ec2e2c9,9,0
2023-08-31T09:15:28.704773Z,2023-08-31T09:15:28.7048Z,e6c5deb9c3a74a0a9f20997908f3c6a6,https://imagedelivery.net/1s092Kgpn1nbxBESmZNkpg/9f5a24ea-3fb8-4b0a-52a8-8afd09372100/public,f890d43dfdc446a69c8c475b693248e5,9,0
2023-09-12T15:03:41.119589Z,2023-09-12T15:03:41.119632Z,ec45933b316040d494be8494019d86b5,https://imagedelivery.net/1s092Kgpn1nbxBESmZNkpg/464fbddf-62a7-45d1-b81b-6bf6de63c800/public,0beff9eb4de34ba6b1b3fae91becceea,8,0
2023-10-23T02:02:54.213263Z,2023-10-23T02:02:54.213296Z,ed8b00abb8724c5eaa080d4f3a3f424d,https://imagedelivery.net/KS5WPV3zTnZqfcRPYRlsow/a6ccc2ce-c571-4bbc-5174-42edec16e800/public,911ebfabf8b34d609febb9bebb7ac385,9,0
2023-09-13T01:15:32.508217Z,2023-09-13T02:26:54.12241Z,edb8cca876664ca0aec6d992ae96f454,https://imagedelivery.net/1s092Kgpn1nbxBESmZNkpg/89042f13-a62e-4009-e1cb-1f272892f500/public,6618625714e946ab8fe471895d7c1dee,8,0
2023-08-31T09:15:27.773029Z,2023-08-31T09:15:27.773055Z,ee01011f4ad347dd8db54aefc900fc18,https://imagedelivery.net/1s092Kgpn1nbxBESmZNkpg/bad59fa9-0111-4347-5e7f-48f907c15d00/public,d7491f475818451e8dfa9af080c9da32,9,0
2023-08-31T09:15:28.933646Z,2023-08-31T09:15:28.93367Z,effc286481ff496ab32da827d2fde505,https://imagedelivery.net/1s092Kgpn1nbxBESmZNkpg/07ec5aca-6e3d-4d66-965e-d4eeeeb2bd00/public,c3aa476da2704a618080cbca26c22480,9,0
2023-08-31T09:15:28.613143Z,2023-08-31T09:15:28.61317Z,f16e3dd673e04ba5ade55c137c375722,https://imagedelivery.net/1s092Kgpn1nbxBESmZNkpg/019af598-e691-4504-26e2-7bc127158d00/public,c3cd3989f5f843b1ab3f98d9c677df5f,9,0
2023-10-23T02:00:07.445942Z,2023-10-23T02:00:07.445971Z,f28ce109a7db494786e7d220601c87c8,https://imagedelivery.net/1s092Kgpn1nbxBESmZNkpg/d5cd00c1-1d1a-4b20-a322-0c71905ebe00/public,6b33505a49a745d0979dc19174224140,9,0
2023-08-31T09:15:27.611989Z,2023-08-31T09:15:27.612015Z,f2b8ae058da64021a97c8901802eb7ea,https://imagedelivery.net/1s092Kgpn1nbxBESmZNkpg/4baef2a9-2e24-4852-e6a9-5d995a499e00/public,d11d170ee432429a902f836d447b8c09,9,0
2023-09-13T01:57:49.105474Z,2023-09-13T06:00:23.561595Z,f7bac7a7344248668aa7b22803f2f33d,https://imagedelivery.net/1s092Kgpn1nbxBESmZNkpg/8e24d5de-2ac3-4f99-5b6b-79b9fba4e900/public,eeba8171a2264e71a143273056c1e000,9,0
2023-08-31T09:15:28.211806Z,2023-08-31T09:15:28.211846Z,f9d94c6d821c43f09e94f58fb75c6488,https://imagedelivery.net/1s092Kgpn1nbxBESmZNkpg/7c541ad4-2b30-442c-a2d6-2e38e5489b00/public,8d68e4d31cc34a99a9c4409a9dbc32c9,9,0
2023-09-13T04:36:33.477403Z,2023-09-13T04:36:33.478654Z,fa19867776964d8599f88d27932ba261,https://imagedelivery.net/1s092Kgpn1nbxBESmZNkpg/060ec1c4-a0f8-462c-c420-254db4f4e700/public,dec89fccbaea47b18c0664b4be36c48d,8,1
2023-08-31T09:15:28.985808Z,2023-08-31T09:15:28.985832Z,fbb2415233794e8db4430d680a6ac81b,https://imagedelivery.net/1s092Kgpn1nbxBESmZNkpg/5c8daf71-e403-4914-fe65-924f9cf2e200/public,d38bb3da67564af8bfd2b302d25deecb,9,0
2023-08-31T09:15:27.670403Z,2023-08-31T09:15:27.670426Z,fbff67cda2c041ec992701c02a88037d,https://imagedelivery.net/1s092Kgpn1nbxBESmZNkpg/dff7200d-b68a-4302-8c30-86c9cd47c800/public,4d8ffa150be44ccd951daa30c60ddf93,9,0
2023-08-31T09:15:27.623165Z,2023-08-31T09:15:27.623191Z,fc2726f6f55b4ed981f1f22874ec272e,https://imagedelivery.net/1s092Kgpn1nbxBESmZNkpg/22ec60dd-f83a-45d3-9743-d7e357224b00/public,d11d170ee432429a902f836d447b8c09,9,0
2023-09-13T04:36:26.080597Z,2023-09-13T04:36:26.080624Z,fc56f1f7a58e4e52a2558f6c43ce203b,https://imagedelivery.net/1s092Kgpn1nbxBESmZNkpg/996898c2-0f21-4981-7a13-649b74fd5b00/public,776236da9877442f82121452753a6097,8,0
2023-09-13T02:14:40.247271Z,2023-09-13T05:23:54.837482Z,fd53857bdc0a4f30944ff2aa777a9ebb,https://imagedelivery.net/1s092Kgpn1nbxBESmZNkpg/020774d6-03d8-4cde-e71b-c087c2b63200/public,a6febde329a5479cb1f959af8576771b,8,0
